City_ID,City,Country,Date,Lat,Lng,Max Temp,Humidity,Cloudiness,Wind Speed
0,Port Blair,IN,2022-07-18 04:13:50,11.6667,92.75,84.4,75,98,11.25
1,East London,ZA,2022-07-18 04:13:50,-33.0153,27.9116,68.11,33,0,7.23
2,Beni Mazar,EG,2022-07-18 04:13:51,28.4962,30.8029,76.46,54,0,7.45
3,Ancud,CL,2022-07-18 04:13:51,-41.8697,-73.8203,40.23,74,25,6.26
4,Hilo,US,2022-07-18 04:13:51,19.7297,-155.09,86.29,91,100,9.22
5,Puerto Ayora,EC,2022-07-18 04:13:51,-0.7393,-90.3518,68.56,92,69,5.01
6,Busselton,AU,2022-07-18 04:13:52,-33.65,115.3333,61.59,63,17,12.55
7,Ahuimanu,US,2022-07-18 04:13:52,21.4447,-157.8378,83.91,74,75,18.41
8,Port Alfred,ZA,2022-07-18 04:13:52,-33.5906,26.891,64.18,44,3,4.0
9,Dingle,PH,2022-07-18 04:13:53,10.9995,122.6711,78.15,91,100,7.29
10,Severo-Kurilsk,RU,2022-07-18 04:13:53,50.6789,156.125,56.64,93,100,0.89
11,Bluff,NZ,2022-07-18 04:13:53,-46.6,168.3333,53.8,94,98,12.97
12,Dikson,RU,2022-07-18 04:13:54,73.5069,80.5464,44.38,75,97,8.48
13,Erice,IT,2022-07-18 04:13:54,38.037,12.5865,73.36,59,0,3.42
14,Punta Arenas,CL,2022-07-18 04:13:54,-53.15,-70.9167,33.91,80,75,20.71
15,Arraial Do Cabo,BR,2022-07-18 04:13:55,-22.9661,-42.0278,70.45,92,23,7.09
16,Thomaston,US,2022-07-18 04:11:33,32.8882,-84.3266,79.09,83,0,0.0
17,Bilibino,RU,2022-07-18 04:13:55,68.0546,166.4372,43.93,57,98,20.6
18,Oussouye,SN,2022-07-18 04:13:55,12.485,-16.5469,79.21,79,100,8.75
19,Kodiak,US,2022-07-18 04:13:56,57.79,-152.4072,63.91,55,20,10.36
20,Mataura,NZ,2022-07-18 04:13:56,-46.1927,168.8643,53.47,73,99,9.33
21,Kapaa,US,2022-07-18 04:10:20,22.0752,-159.319,82.38,85,100,14.97
22,Trat,TH,2022-07-18 04:13:56,12.5,102.5,88.83,79,82,9.04
23,Alice Springs,AU,2022-07-18 04:10:43,-23.7,133.8833,71.15,12,7,12.66
24,New Norfolk,AU,2022-07-18 04:13:57,-42.7826,147.0587,43.92,76,85,1.01
25,Kirksville,US,2022-07-18 04:13:57,40.1948,-92.5833,72.05,97,0,3.44
26,Tuktoyaktuk,CA,2022-07-18 04:09:10,69.4541,-133.0374,57.94,66,100,14.61
27,Cape Town,ZA,2022-07-18 04:11:45,-33.9258,18.4232,58.12,90,12,3.0
28,Bethel,US,2022-07-18 04:13:58,41.3712,-73.414,74.35,89,0,0.0
29,Buribay,RU,2022-07-18 04:13:58,51.9617,58.1592,71.35,75,15,5.95
30,Vaini,TO,2022-07-18 04:13:58,-21.2,-175.2,77.16,88,75,8.05
31,Mangaldai,IN,2022-07-18 04:13:58,26.4333,92.0333,90.43,61,63,12.17
32,Noumea,NC,2022-07-18 04:13:59,-22.2763,166.4572,82.38,99,66,2.73
33,Leningradskiy,RU,2022-07-18 04:13:59,69.3833,178.4167,33.04,95,98,24.18
34,Rikitea,PF,2022-07-18 04:13:59,-23.1203,-134.9692,74.07,78,98,13.82
35,Qaanaaq,GL,2022-07-18 04:14:00,77.484,-69.3632,41.4,69,51,1.39
36,Butaritari,KI,2022-07-18 04:14:00,3.0707,172.7902,82.44,73,11,14.2
37,Garissa,KE,2022-07-18 04:14:00,-0.4536,39.6401,71.19,81,25,14.45
38,Ushuaia,AR,2022-07-18 04:13:30,-54.8,-68.3,31.66,80,20,4.61
39,Hermanus,ZA,2022-07-18 04:14:01,-34.4187,19.2345,51.8,82,5,7.14
40,Avarua,CK,2022-07-18 04:14:01,-21.2078,-159.775,73.45,78,20,8.05
41,Kavieng,PG,2022-07-18 04:14:02,-2.5744,150.7967,83.84,76,100,14.76
42,Raudeberg,NO,2022-07-18 04:14:02,61.9875,5.1352,54.27,86,96,15.43
43,Cidreira,BR,2022-07-18 04:14:02,-30.1811,-50.2056,49.53,80,0,4.36
44,Bredasdorp,ZA,2022-07-18 04:14:03,-34.5322,20.0403,50.92,88,3,4.09
45,Buraydah,SA,2022-07-18 04:14:03,26.326,43.975,88.61,12,38,9.19
46,Kyaikto,MM,2022-07-18 04:15:03,17.3,97.0167,85.08,72,98,4.59
47,Halifax,CA,2022-07-18 04:14:16,44.6453,-63.5724,65.7,83,28,6.89
48,Marawi,PH,2022-07-18 04:11:00,7.9986,124.2928,74.55,90,100,2.28
49,Santa Rosa,PH,2022-07-18 04:15:04,14.3122,121.1114,86.11,76,90,1.79
50,Lagoa,PT,2022-07-18 04:15:04,39.05,-27.9833,69.98,94,0,9.17
51,Hobart,AU,2022-07-18 04:13:33,-42.8794,147.3294,44.26,78,75,18.41
52,Elat,IL,2022-07-18 04:15:04,29.5581,34.9482,82.24,42,0,6.91
53,Iqaluit,CA,2022-07-18 04:15:05,63.7506,-68.5145,38.7,93,98,8.19
54,Mazara Del Vallo,IT,2022-07-18 04:15:05,37.6641,12.588,81.93,99,0,1.45
55,Changtu,CN,2022-07-18 04:15:05,42.7788,124.0955,77.81,74,51,7.02
56,The Valley,AI,2022-07-18 04:15:06,18.217,-63.0578,82.09,77,1,18.97
57,Poum,NC,2022-07-18 04:15:06,-20.2333,164.0167,75.97,73,95,9.71
58,Adre,TD,2022-07-18 04:15:06,13.4667,22.2,72.21,80,100,6.44
59,Saint-Georges,GD,2022-07-18 04:10:51,12.0564,-61.7485,79.74,80,70,18.39
60,Adeje,ES,2022-07-18 04:15:07,28.1227,-16.726,76.1,58,20,13.8
61,Jackson,US,2022-07-18 04:15:07,42.4165,-122.8345,76.48,38,0,6.91
62,Bobrovytsya,UA,2022-07-18 04:15:07,50.75,31.3833,53.31,88,35,7.99
63,Tasiilaq,GL,2022-07-18 04:15:08,65.6145,-37.6368,41.16,84,98,2.84
64,Anadyr,RU,2022-07-18 04:15:08,64.75,177.4833,52.3,39,0,26.84
65,Christchurch,NZ,2022-07-18 04:12:29,-43.5333,172.6333,66.4,34,97,16.11
66,Borgarnes,IS,2022-07-18 04:15:08,64.5383,-21.9206,50.81,92,95,1.25
67,Kysyl-Syr,RU,2022-07-18 04:15:09,63.8986,122.7617,73.06,81,100,5.61
68,Kunyang,CN,2022-07-18 04:15:09,27.6658,120.5658,92.17,60,100,10.18
69,Barrow,US,2022-07-18 04:15:10,71.2906,-156.7887,41.02,81,20,19.57
70,Hambantota,LK,2022-07-18 04:15:10,6.1241,81.1185,86.43,63,62,16.93
71,Morehead,US,2022-07-18 04:13:17,37.2711,-87.1764,75.78,97,75,1.01
72,Albany,US,2022-07-18 04:15:10,42.6001,-73.9662,74.88,78,100,3.4
73,Avera,US,2022-07-18 04:15:11,33.194,-82.5271,78.85,89,4,5.61
74,Chuy,UY,2022-07-18 04:15:11,-33.6971,-53.4616,41.63,87,54,6.89
75,Saskylakh,RU,2022-07-18 04:15:11,71.9167,114.0833,55.33,38,100,11.21
76,Vostok,RU,2022-07-18 04:15:12,46.4856,135.8833,63.41,88,100,2.62
77,Sosnovoborsk,RU,2022-07-18 04:15:12,56.1325,93.3589,62.35,67,94,14.16
78,Dunedin,NZ,2022-07-18 04:15:12,-45.8742,170.5036,57.33,62,93,12.08
79,Mar Del Plata,AR,2022-07-18 04:12:15,-38.0023,-57.5575,51.1,63,0,17.27
80,Thinadhoo,MV,2022-07-18 04:15:13,0.5333,72.9333,77.07,81,100,18.23
81,Nikolskoye,RU,2022-07-18 04:15:13,59.7035,30.7861,57.09,95,93,5.46
82,Kongolo,CD,2022-07-18 04:15:13,-5.3833,27.0,71.71,54,27,3.74
83,Mount Isa,AU,2022-07-18 04:15:14,-20.7333,139.5,78.57,27,0,9.22
84,Tiarei,PF,2022-07-18 04:15:14,-17.5333,-149.3333,80.01,69,28,11.59
85,Touros,BR,2022-07-18 04:15:14,-5.1989,-35.4608,73.9,81,16,13.06
86,Alofi,NU,2022-07-18 04:15:15,-19.0595,-169.9187,73.29,94,75,14.97
87,Autun,FR,2022-07-18 04:15:15,46.95,4.3,61.25,52,30,2.89
88,Natal,BR,2022-07-18 04:12:22,-5.795,-35.2094,70.45,100,20,2.3
89,Namibe,AO,2022-07-18 04:15:15,-15.1961,12.1522,63.88,81,5,5.66
90,Pevek,RU,2022-07-18 04:10:57,69.7008,170.3133,32.18,89,99,19.93
91,Provideniya,RU,2022-07-18 04:15:16,64.3833,-173.3,41.36,70,40,18.01
92,Salinopolis,BR,2022-07-18 04:16:16,-0.6136,-47.3561,78.93,83,89,9.89
93,Te Anau,NZ,2022-07-18 04:16:16,-45.4167,167.7167,52.61,89,100,11.52
94,Mpika,ZM,2022-07-18 04:16:17,-11.8343,31.4529,48.09,87,3,7.58
95,Torbay,CA,2022-07-18 04:16:17,47.6666,-52.7314,63.39,74,100,7.0
96,Shingu,JP,2022-07-18 04:16:17,33.7333,135.9833,88.86,53,100,9.24
97,Orgovany,HU,2022-07-18 04:16:18,46.7509,19.4726,56.86,48,3,5.19
98,Hlohovec,SK,2022-07-18 04:16:18,48.4317,17.8031,58.62,61,20,4.07
99,Atuona,PF,2022-07-18 04:16:18,-9.8,-139.0333,78.13,74,25,20.15
100,Ponta Do Sol,PT,2022-07-18 04:16:19,32.6667,-17.1,71.01,82,15,6.98
101,Ilulissat,GL,2022-07-18 04:16:19,69.2167,-51.1,44.62,65,44,3.44
102,Cherskiy,RU,2022-07-18 04:16:19,68.75,161.3,56.28,38,82,20.27
103,Mitsamiouli,KM,2022-07-18 04:16:20,-11.3847,43.2844,76.39,67,3,9.31
104,Gladstone,AU,2022-07-18 04:16:20,-23.85,151.25,75.78,49,10,9.22
105,Geraldton,AU,2022-07-18 04:16:20,-28.7667,114.6,68.41,68,38,8.05
106,Srandakan,ID,2022-07-18 04:16:21,-7.9386,110.2506,83.25,69,71,11.25
107,Mayumba,GA,2022-07-18 04:16:21,-3.432,10.6554,68.61,91,10,2.64
108,Kargasok,RU,2022-07-18 04:16:21,59.0556,80.8572,63.95,66,39,13.47
109,Edson,CA,2022-07-18 04:15:23,53.5835,-116.4356,68.14,60,33,3.44
110,Tateyama,JP,2022-07-18 04:16:21,34.9833,139.8667,80.74,78,100,12.88
111,Lebu,CL,2022-07-18 04:16:22,-37.6167,-73.65,45.75,73,98,6.76
112,Ust-Kuyga,RU,2022-07-18 04:12:12,70.0167,135.6,61.47,39,100,1.52
113,Mangrol,IN,2022-07-18 04:16:22,21.1167,70.1167,82.38,79,86,14.41
114,Santa Maria,BR,2022-07-18 04:16:23,-29.6842,-53.8069,44.38,92,0,3.15
115,Victoria,HK,2022-07-18 04:12:45,22.2855,114.1577,93.25,88,100,4.0
116,Carnarvon,AU,2022-07-18 04:16:23,-24.8667,113.6333,70.27,57,32,12.77
117,Lorengau,PG,2022-07-18 04:16:23,-2.0226,147.2712,83.75,77,100,9.55
118,Kulhudhuffushi,MV,2022-07-18 04:16:24,6.6221,73.07,82.0,76,100,13.87
119,Kloulklubed,PW,2022-07-18 04:16:24,7.0419,134.2556,82.9,71,89,7.23
120,Fuxin,CN,2022-07-18 04:16:24,42.0156,121.6589,79.56,64,44,8.39
121,Broome,US,2022-07-18 04:16:24,42.2506,-75.833,73.78,84,0,6.91
122,Puerto Palomas,MX,2022-07-18 04:16:25,31.7667,-107.6167,91.51,17,0,8.3
123,Castro,BR,2022-07-18 04:12:27,-24.7911,-50.0119,59.9,96,100,7.09
124,Sursk,RU,2022-07-18 04:16:25,53.0754,45.6846,65.17,89,95,3.78
125,Zelenoborskiy,RU,2022-07-18 04:16:26,66.845,32.3622,55.53,90,51,7.63
126,La Union,PE,2022-07-18 04:16:26,-5.4,-80.75,64.65,75,35,12.57
127,Lasa,IT,2022-07-18 04:16:26,46.6166,10.7002,65.28,73,48,3.6
128,Pisco,PE,2022-07-18 04:14:41,-13.7,-76.2167,58.01,88,27,4.61
129,Port Elizabeth,ZA,2022-07-18 04:16:27,-33.918,25.5701,57.31,95,3,2.3
130,Olinda,BR,2022-07-18 04:13:07,-8.0089,-34.8553,76.73,69,20,9.22
131,Bathsheba,BB,2022-07-18 04:16:27,13.2167,-59.5167,81.05,85,4,18.01
132,Saint-Philippe,RE,2022-07-18 04:16:27,-21.3585,55.7679,67.59,84,81,22.03
133,Puerto Armuelles,PA,2022-07-18 04:16:28,8.2833,-82.8667,78.22,87,100,3.98
134,Lompoc,US,2022-07-18 04:13:49,34.6391,-120.4579,73.78,90,0,3.44
135,Guerrero Negro,MX,2022-07-18 04:12:34,27.9769,-114.0611,68.67,79,0,12.46
136,Burla,IN,2022-07-18 04:16:28,21.5,83.8667,83.3,75,64,6.91
137,Yellowknife,CA,2022-07-18 04:13:37,62.456,-114.3525,60.46,66,99,7.4
138,Matara,LK,2022-07-18 04:16:29,5.9485,80.5353,84.94,66,71,13.82
139,Mount Darwin,ZW,2022-07-18 04:16:29,-16.7725,31.5838,49.66,91,23,2.91
140,Bambous Virieux,MU,2022-07-18 04:16:29,-20.3428,57.7575,71.22,78,75,14.97
141,San Rafael,AR,2022-07-18 04:15:53,-34.6177,-68.3301,44.71,45,15,1.3
142,Katsuura,JP,2022-07-18 04:17:30,35.1333,140.3,81.54,77,100,14.07
143,Asau,RO,2022-07-18 04:17:30,46.4333,26.4,56.32,65,11,3.69
144,Kitakata,JP,2022-07-18 04:17:30,37.65,139.8667,83.43,63,79,7.27
145,San Quintin,MX,2022-07-18 04:17:31,30.4833,-115.95,67.8,84,6,5.37
146,Santa Isabel Do Rio Negro,BR,2022-07-18 04:17:31,-0.4139,-65.0192,77.54,80,75,1.83
147,San Cristobal,VE,2022-07-18 04:17:31,7.7669,-72.225,69.98,98,48,2.64
148,Nara,JP,2022-07-18 04:13:48,34.6851,135.8049,91.96,33,100,6.42
149,Kununurra,AU,2022-07-18 04:17:32,-15.7667,128.7333,85.98,28,31,4.61
150,Praya,CV,2022-07-18 04:17:32,14.9215,-23.5087,73.94,73,20,2.3
151,Imbituba,BR,2022-07-18 04:17:32,-28.24,-48.6703,56.08,94,93,2.82
152,Wenatchee,US,2022-07-18 04:16:07,47.4235,-120.3103,69.37,41,0,24.16
153,Kruisfontein,ZA,2022-07-18 04:17:33,-34.0033,24.7314,54.57,73,1,1.41
154,Port-Gentil,GA,2022-07-18 04:17:33,-0.7193,8.7815,73.98,77,40,7.31
155,Jamestown,US,2022-07-18 04:13:22,42.097,-79.2353,67.01,85,100,9.22
156,Tocopilla,CL,2022-07-18 04:17:33,-22.092,-70.1979,59.85,67,9,4.38
157,Port Hardy,CA,2022-07-18 04:15:24,50.6996,-127.4199,51.8,85,66,11.68
158,Yanam,IN,2022-07-18 04:17:34,16.7333,82.2167,77.95,90,100,4.45
159,Wagar,SD,2022-07-18 04:17:34,16.1525,36.2032,80.71,64,79,20.24
160,Faanui,PF,2022-07-18 04:17:35,-16.4833,-151.75,76.82,72,81,16.42
161,Vestmannaeyjar,IS,2022-07-18 04:17:35,63.4427,-20.2734,48.51,91,53,4.61
162,Tadine,NC,2022-07-18 04:17:35,-21.55,167.8833,74.71,81,80,10.8
163,Buala,SB,2022-07-18 04:17:35,-8.145,159.5921,84.2,70,20,9.84
164,Upernavik,GL,2022-07-18 04:17:36,72.7868,-56.1549,39.4,94,77,9.51
165,Chapais,CA,2022-07-18 04:17:36,49.7834,-74.8492,60.73,67,48,6.26
166,Moyale,KE,2022-07-18 04:17:36,3.5167,39.0584,62.67,70,99,11.45
167,Le Port,RE,2022-07-18 04:17:37,-20.9373,55.2919,70.25,69,6,5.91
168,Port Lincoln,AU,2022-07-18 04:15:24,-34.7333,135.8667,54.0,64,100,7.49
169,Thompson,CA,2022-07-18 04:17:37,55.7435,-97.8558,66.36,77,75,0.0
170,Shitanjing,CN,2022-07-18 04:17:37,39.2342,106.3439,79.52,23,97,8.3
171,Sitka,US,2022-07-18 04:17:38,57.0531,-135.33,55.29,94,100,6.91
172,Aldan,RU,2022-07-18 04:17:38,58.6031,125.3894,80.65,53,92,5.97
173,Nguruka,TZ,2022-07-18 04:17:38,-5.1092,31.0419,61.41,60,5,7.07
174,Ryotsu,JP,2022-07-18 04:17:39,38.0833,138.4333,81.19,70,41,11.72
175,Leh,IN,2022-07-18 04:17:39,34.1667,77.5833,66.34,37,20,2.08
176,Paamiut,GL,2022-07-18 04:17:39,61.994,-49.6678,44.65,81,100,4.25
177,Les Cayes,HT,2022-07-18 04:17:40,18.2,-73.75,80.17,81,61,5.23
178,Faya,SA,2022-07-18 04:17:40,18.3851,42.4509,66.72,24,36,5.91
179,Fomboni,KM,2022-07-18 04:17:40,-12.28,43.7425,76.78,72,56,24.25
180,Khatanga,RU,2022-07-18 04:17:41,71.9667,102.5,60.82,55,100,2.64
181,Big Spring,US,2022-07-18 04:17:41,32.2504,-101.4787,90.23,29,0,9.22
182,Komsomolskiy,UZ,2022-07-18 04:17:41,40.4272,71.7189,90.32,25,0,6.91
183,Chara,RU,2022-07-18 04:17:41,56.9064,118.2631,60.53,92,100,3.13
184,Corinto,GR,2022-07-18 04:17:42,37.9407,22.9573,80.89,55,0,4.09
185,Karratha,AU,2022-07-18 04:17:42,-20.7377,116.8463,77.47,30,2,3.4
186,Souillac,MU,2022-07-18 04:18:42,-20.5167,57.5167,70.18,78,75,14.97
187,Haines Junction,CA,2022-07-18 04:18:26,60.7522,-137.5108,58.95,51,100,12.66
188,Kidal,ML,2022-07-18 04:18:43,18.4411,1.4078,85.68,48,27,11.61
189,Tiksi,RU,2022-07-18 04:16:50,71.6872,128.8694,41.9,64,100,7.29
190,Silchar,IN,2022-07-18 04:18:43,24.8167,92.8,86.74,75,49,3.29
191,Saint George,US,2022-07-18 04:17:36,37.1041,-113.5841,97.39,17,0,16.11
192,Turkan,AZ,2022-07-18 04:18:44,40.3639,50.215,87.98,48,0,11.5
193,Mecca,SA,2022-07-18 04:15:39,21.4267,39.8261,84.65,38,19,5.75
194,Cartagena,CO,2022-07-18 04:18:44,10.3997,-75.5144,80.22,94,75,3.44
195,Clyde River,CA,2022-07-18 04:18:44,70.4692,-68.5914,37.22,80,1,5.1
196,Barda,AZ,2022-07-18 04:18:45,40.3744,47.1267,81.68,34,0,1.41
197,Gravdal,NO,2022-07-18 04:18:45,68.1214,13.5031,52.52,85,98,13.18
198,Comodoro Rivadavia,AR,2022-07-18 04:14:36,-45.8667,-67.5,40.86,52,0,19.57
199,Shelburne,CA,2022-07-18 04:15:09,44.0787,-80.2041,68.59,69,100,5.91
200,Pacific Grove,US,2022-07-18 04:16:21,36.6177,-121.9166,60.48,87,0,9.22
201,Inhambane,MZ,2022-07-18 04:14:28,-23.865,35.3833,67.3,90,22,5.91
202,Ribeira Grande,PT,2022-07-18 04:15:24,38.5167,-28.7,71.38,94,4,6.02
203,Letterkenny,IE,2022-07-18 04:15:19,54.95,-7.7333,56.79,94,100,2.62
204,Taitung,TW,2022-07-18 04:16:21,22.7583,121.1444,93.47,59,75,6.91
205,Anzio,IT,2022-07-18 04:18:46,41.4853,12.6179,79.74,64,0,4.79
206,Hervey Bay,AU,2022-07-18 04:18:46,-25.2986,152.8535,72.01,69,0,4.0
207,Talara,PE,2022-07-18 04:18:47,-4.5772,-81.2719,63.52,87,36,13.94
208,Bonavista,CA,2022-07-18 04:18:47,48.6499,-53.1147,58.39,88,94,14.72
209,Palmer,US,2022-07-18 04:15:09,42.1584,-72.3287,72.77,83,0,4.61
210,Orikum,AL,2022-07-18 04:18:47,40.3253,19.4714,77.49,57,0,4.54
211,Urumqi,CN,2022-07-18 04:18:48,43.801,87.6005,95.95,12,0,4.47
212,Bani,DO,2022-07-18 04:18:48,18.2833,-70.3333,80.85,80,13,12.95
213,Weligama,LK,2022-07-18 04:18:48,5.9667,80.4167,84.22,69,74,13.85
214,Norman Wells,CA,2022-07-18 04:18:49,65.282,-126.8329,67.93,61,93,5.03
215,Visakhapatnam,IN,2022-07-18 04:18:49,17.69,83.2093,82.29,89,100,4.61
216,Axim,GH,2022-07-18 04:18:49,4.8699,-2.2405,74.68,80,75,8.72
217,Novo Aripuana,BR,2022-07-18 04:18:49,-5.1206,-60.3797,78.69,67,85,1.07
218,Askoy,NO,2022-07-18 04:18:50,60.4092,5.226,57.96,100,100,9.22
219,Kavaratti,IN,2022-07-18 04:18:04,10.5669,72.642,81.99,78,100,17.54
220,Oranjemund,NA,2022-07-18 04:18:50,-28.55,16.4333,55.53,84,2,4.36
221,Dongzhen,CN,2022-07-18 04:18:51,22.3797,110.9389,90.41,68,100,7.67
222,Yarim,YE,2022-07-18 04:18:51,14.298,44.3779,63.9,39,69,3.69
223,Hithadhoo,MV,2022-07-18 04:16:43,-0.6,73.0833,82.08,72,100,18.19
224,Longyearbyen,SJ,2022-07-18 04:18:51,78.2186,15.6401,57.04,67,20,27.63
225,Hamilton,US,2022-07-18 04:14:02,39.1834,-84.5333,73.18,96,100,9.22
226,Roald,NO,2022-07-18 04:16:45,62.5833,6.1333,59.16,88,40,12.66
227,Derzhavinsk,KZ,2022-07-18 04:18:52,51.1,66.3167,76.57,57,88,8.28
228,Kem,RU,2022-07-18 04:18:52,64.9555,34.5793,57.65,71,100,5.23
229,Soyo,AO,2022-07-18 04:18:53,-6.1349,12.3689,69.94,89,67,4.36
230,Chokurdakh,RU,2022-07-18 04:18:53,70.6333,147.9167,59.72,35,59,15.48
231,Banepa,NP,2022-07-18 04:19:53,27.6298,85.5214,79.12,74,75,2.3
232,Georgetown,MY,2022-07-18 04:15:22,5.4112,100.3354,89.53,74,20,4.61
233,Vangaindrano,MG,2022-07-18 04:19:54,-23.35,47.6,65.39,89,38,6.06
234,Esperance,AU,2022-07-18 04:19:20,-33.8667,121.9,53.44,88,100,15.28
235,Akyab,MM,2022-07-18 04:19:54,20.15,92.9,84.58,78,97,9.22
236,Portland,US,2022-07-18 04:15:53,45.5234,-122.6762,68.41,60,20,14.97
237,Shimoda,JP,2022-07-18 04:19:55,34.6667,138.95,89.1,70,99,15.73
238,Sidi Ali,DZ,2022-07-18 04:19:55,36.0998,0.4206,72.59,85,0,4.21
239,Taoudenni,ML,2022-07-18 04:19:55,22.6783,-3.9836,93.72,8,48,6.33
240,Tokoroa,NZ,2022-07-18 04:19:56,-38.2333,175.8667,51.94,85,97,1.99
241,Tucupita,VE,2022-07-18 04:19:56,9.0622,-62.051,73.74,99,63,2.93
242,Cervo,ES,2022-07-18 04:19:56,43.6702,-7.4101,61.97,83,40,6.91
243,Dong Hoi,VN,2022-07-18 04:18:28,17.4833,106.6,93.06,57,95,9.57
244,Bestobe,KZ,2022-07-18 04:19:57,52.4994,73.0975,71.46,44,72,5.37
245,Hof,DE,2022-07-18 04:19:57,50.3167,11.9167,56.62,53,24,4.61
246,Khandbari,NP,2022-07-18 04:19:57,27.3747,87.2039,81.84,76,73,2.82
247,Airai,TL,2022-07-18 04:19:11,-8.9266,125.4092,70.11,49,12,3.85
248,Mangai,CD,2022-07-18 04:19:58,-4.05,19.5333,74.84,69,100,1.7
249,Maragogi,BR,2022-07-18 04:19:58,-9.0122,-35.2225,73.54,81,6,7.54
250,Lulea,SE,2022-07-18 04:19:58,65.5842,22.1547,57.27,77,20,1.14
251,Naze,JP,2022-07-18 04:19:59,28.3667,129.4833,81.52,85,100,19.15
252,Emba,KZ,2022-07-18 04:19:59,48.8264,58.1442,88.0,29,31,7.85
253,Abonnema,NG,2022-07-18 04:19:59,4.7084,6.7931,73.08,88,96,4.65
254,Sao Joao Da Barra,BR,2022-07-18 04:19:59,-21.6403,-41.0511,70.23,88,59,12.46
255,Trelew,AR,2022-07-18 04:20:00,-43.249,-65.3051,44.49,52,32,26.42
256,Linxia,CN,2022-07-18 04:20:00,35.6003,103.2064,61.57,74,100,1.21
257,Kahului,US,2022-07-18 04:20:01,20.8947,-156.47,82.42,66,0,21.85
258,Tashtagol,RU,2022-07-18 04:20:01,52.7657,87.8894,64.47,52,73,8.55
259,Daru,PG,2022-07-18 04:20:01,-9.0763,143.2092,79.9,80,76,14.09
260,Muros,ES,2022-07-18 04:20:02,42.7762,-9.0603,64.69,96,94,4.03
261,Krasnoselkup,RU,2022-07-18 04:20:02,65.7,82.4667,65.35,52,79,14.41
262,Lazaro Cardenas,MX,2022-07-18 04:20:02,17.9583,-102.2,78.55,86,92,2.55
263,Vestmanna,FO,2022-07-18 04:20:03,62.1564,-7.1664,50.92,87,100,12.66
264,Feijo,BR,2022-07-18 04:20:03,-8.1642,-70.3536,71.8,97,46,2.06
265,Sabha,LY,2022-07-18 04:20:03,27.0377,14.4283,74.43,26,0,10.98
266,Qaqortoq,GL,2022-07-18 04:20:04,60.7167,-46.0333,42.53,89,39,2.86
267,Duluth,US,2022-07-18 04:18:48,46.7833,-92.1066,73.98,89,20,0.0
268,Kumluca,TR,2022-07-18 04:20:04,36.3703,30.2869,83.25,47,0,10.25
269,Abeche,TD,2022-07-18 04:20:05,13.8292,20.8324,74.79,81,100,6.55
270,Matagami,CA,2022-07-18 04:15:10,49.7502,-77.6328,64.53,73,50,6.93
271,Iskateley,RU,2022-07-18 04:20:05,67.6803,53.1512,68.25,62,22,2.93
272,Remedios,CU,2022-07-18 04:20:05,22.4947,-79.5458,76.12,85,52,7.72
273,Mahebourg,MU,2022-07-18 04:18:28,-20.4081,57.7,71.26,78,75,14.97
274,Annau,TM,2022-07-18 04:20:06,37.8876,58.516,92.7,22,0,13.8
275,Corrente,BR,2022-07-18 04:21:06,-3.7367,-43.3394,72.41,91,17,2.62
276,Petropavlovsk-Kamchatskiy,RU,2022-07-18 04:21:06,53.0452,158.6483,72.19,68,20,13.42
277,Tarakan,ID,2022-07-18 04:21:07,3.3,117.6333,83.7,79,40,6.91
278,Waipawa,NZ,2022-07-18 04:21:07,-41.4122,175.5153,51.8,74,79,17.85
279,Kholuy,RU,2022-07-18 04:21:07,56.575,41.8692,62.42,69,96,4.34
280,Grand Gaube,MU,2022-07-18 04:21:08,-20.0064,57.6608,71.38,68,50,11.01
281,Mogadishu,SO,2022-07-18 04:16:51,2.0371,45.3438,76.08,83,65,20.56
282,Luderitz,NA,2022-07-18 04:21:08,-26.6481,15.1594,61.03,54,1,7.38
283,Klaksvik,FO,2022-07-18 04:21:08,62.2266,-6.589,52.72,87,52,15.43
284,Starychi,UA,2022-07-18 04:21:09,49.98,23.5585,51.55,73,40,5.5
285,Sur,OM,2022-07-18 04:21:09,22.5667,59.5289,79.75,94,100,5.1
286,Quatre Cocos,MU,2022-07-18 04:21:09,-20.2078,57.7625,71.1,77,57,21.32
287,Voh,NC,2022-07-18 04:21:10,-20.9667,164.7,78.87,62,74,3.31
288,Fortuna,US,2022-07-18 04:21:10,40.5982,-124.1573,58.66,83,2,1.01
289,Kristiinankaupunki,FI,2022-07-18 04:21:10,62.2743,21.376,58.23,73,100,11.41
290,Sahbuz,AZ,2022-07-18 04:21:11,39.4072,45.5739,82.0,30,0,4.85
291,Nevsehir,TR,2022-07-18 04:21:11,38.9167,34.6667,63.61,68,40,6.91
292,Samarai,PG,2022-07-18 04:21:11,-10.6167,150.6667,81.88,75,44,8.41
293,Mehran,IR,2022-07-18 04:21:12,33.1222,46.1646,99.73,13,0,5.79
294,Fukue,JP,2022-07-18 04:19:58,32.6881,128.8419,80.96,100,75,16.11
295,Port Hedland,AU,2022-07-18 04:21:12,-20.3167,118.5667,82.45,24,0,5.75
296,Arys,KZ,2022-07-18 04:21:12,42.4252,68.795,94.14,19,0,18.54
297,Monselice,IT,2022-07-18 04:21:13,45.2424,11.749,76.75,56,2,4.88
298,Kroonstad,ZA,2022-07-18 04:21:13,-27.6504,27.2349,43.14,47,0,3.6
299,Werda,BW,2022-07-18 04:21:13,-25.2667,23.2833,49.3,68,2,8.72
300,Lavrentiya,RU,2022-07-18 04:21:14,65.5833,-171.0,38.44,69,99,25.79
301,Srostki,RU,2022-07-18 04:21:14,52.4189,85.7022,64.87,59,51,6.26
302,Jinzhou,CN,2022-07-18 04:21:14,41.1078,121.1417,84.61,51,18,10.71
303,Marfino,RU,2022-07-18 04:21:15,55.7028,37.3822,59.34,76,0,4.47
304,Tuatapere,NZ,2022-07-18 04:21:15,-46.1333,167.6833,52.39,94,100,7.07
305,Saldanha,ZA,2022-07-18 04:21:15,-33.0117,17.9442,51.85,92,0,6.69
306,Churapcha,RU,2022-07-18 04:21:15,62.0025,132.4325,89.91,35,5,6.67
307,Hasaki,JP,2022-07-18 04:21:16,35.7333,140.8333,91.29,80,100,1.36
308,Kemin,KG,2022-07-18 04:21:16,42.7846,75.6892,81.7,23,0,5.3
309,Vila Franca Do Campo,PT,2022-07-18 04:21:16,37.7167,-25.4333,74.19,88,72,4.76
310,Ponta Delgada,PT,2022-07-18 04:21:17,37.7333,-25.6667,74.5,94,75,3.44
311,Sheridan,US,2022-07-18 04:21:17,44.8333,-106.9173,84.58,26,0,11.5
312,Jalingo,NG,2022-07-18 04:21:17,8.8833,11.3667,70.38,96,98,2.19
313,Ilheus,BR,2022-07-18 04:17:38,-14.7889,-39.0494,70.54,89,38,5.91
314,Horsham,GB,2022-07-18 04:21:18,51.064,-0.3272,66.94,66,0,3.44
315,Claremore,US,2022-07-18 04:18:41,36.3126,-95.6161,91.49,48,0,4.61
316,Itaituba,BR,2022-07-18 04:21:39,-4.2761,-55.9836,75.51,72,27,1.05
317,Porirua,NZ,2022-07-18 04:21:40,-41.1333,174.85,56.62,76,92,30.04
318,Indramayu,ID,2022-07-18 04:17:08,-6.3264,108.32,83.59,67,69,11.34
319,Westport,US,2022-07-18 04:20:13,41.1415,-73.3579,77.09,94,0,3.44
320,Vao,NC,2022-07-18 04:21:40,-22.6667,167.4833,72.45,80,61,16.08
321,Abha,SA,2022-07-18 04:21:40,18.2164,42.5053,66.45,42,0,0.0
322,Los Llanos De Aridane,ES,2022-07-18 04:19:12,28.6585,-17.9182,67.75,80,100,16.11
323,Hokitika,NZ,2022-07-18 04:22:41,-42.7167,170.9667,55.22,89,100,26.04
324,Puerto Ayacucho,VE,2022-07-18 04:22:41,5.6639,-67.6236,74.52,95,95,2.59
325,Margate,GB,2022-07-18 04:22:41,51.3813,1.3862,67.69,70,56,1.01
326,Batagay-Alyta,RU,2022-07-18 04:22:42,67.8006,130.4114,67.46,55,94,6.8
327,Nokaneng,BW,2022-07-18 04:22:42,-19.6667,22.2667,47.23,72,0,6.55
328,Wanaka,NZ,2022-07-18 04:22:42,-44.7,169.15,49.1,91,100,5.01
329,Samfya,ZM,2022-07-18 04:22:43,-11.3649,29.5565,51.73,79,5,6.93
330,Hovd,MN,2022-07-18 04:22:43,48.0056,91.6419,79.95,21,18,11.99
331,Aklavik,CA,2022-07-18 04:22:43,68.2191,-135.0107,72.54,44,97,8.41
332,Sao Jose Da Coroa Grande,BR,2022-07-18 04:22:44,-8.8978,-35.1478,73.96,79,5,7.9
333,Cabo San Lucas,MX,2022-07-18 04:19:15,22.8909,-109.9124,85.51,63,48,1.01
334,Araouane,ML,2022-07-18 04:22:44,18.9048,-3.5265,88.74,45,75,14.27
335,Zafra,ES,2022-07-18 04:22:44,38.4167,-6.4167,70.16,51,63,3.0
336,Dalby,AU,2022-07-18 04:22:45,-27.1833,151.2667,71.98,35,9,4.0
337,Chebenki,RU,2022-07-18 04:22:45,51.9337,55.7077,78.55,66,3,4.36
338,Nanortalik,GL,2022-07-18 04:22:45,60.1432,-45.2371,41.61,93,39,8.41
339,Mareeba,AU,2022-07-18 04:22:46,-17.0,145.4333,78.44,61,19,4.81
340,Balgazyn,RU,2022-07-18 04:22:46,51.0,95.2,79.29,33,17,7.61
341,Kincardine,GB,2022-07-18 04:22:46,56.0667,-3.7167,63.28,89,100,3.6
342,Nome,US,2022-07-18 04:22:47,64.5011,-165.4064,48.27,67,100,26.46
343,Talnakh,RU,2022-07-18 04:22:47,69.4865,88.3972,61.21,51,100,0.78
344,Tshikapa,CD,2022-07-18 04:22:47,-6.4167,20.8,77.7,33,94,3.18
345,Eureka,US,2022-07-18 04:21:32,40.8021,-124.1637,58.93,85,3,2.73
346,Paramonga,PE,2022-07-18 04:22:48,-10.6667,-77.8333,61.95,84,64,8.12
347,Dukat,RU,2022-07-18 04:22:48,62.55,155.55,61.12,52,96,1.79
348,Caucaia,BR,2022-07-18 04:21:41,-3.7361,-38.6531,79.03,75,75,17.27
349,Koslan,RU,2022-07-18 04:22:48,63.4564,48.8989,66.67,53,88,3.38
350,Colac,AU,2022-07-18 04:22:49,-38.3333,143.5833,48.16,74,94,9.15
351,Ust-Nera,RU,2022-07-18 04:22:49,64.5667,143.2,77.59,51,82,5.59
352,Dali,CN,2022-07-18 04:22:49,25.7,100.1833,76.5,61,90,7.0
353,Riyadh,SA,2022-07-18 04:20:57,24.6877,46.7219,87.94,13,0,9.04
354,Vari,GR,2022-07-18 04:22:50,37.8312,23.8081,81.63,43,0,11.5
355,Salon-De-Provence,FR,2022-07-18 04:22:50,43.6407,5.0954,76.08,81,0,4.61
356,Guanica,PR,2022-07-18 04:22:50,17.9716,-66.908,81.05,83,55,6.29
357,Belaya Gora,RU,2022-07-18 04:22:50,68.5333,146.4167,65.48,39,86,6.49
358,Bowen,AU,2022-07-18 04:22:51,-20.0167,148.2333,72.66,61,3,9.6
359,Kaitangata,NZ,2022-07-18 04:22:51,-46.2817,169.8464,56.35,64,70,8.86
360,Mangan,IN,2022-07-18 04:22:51,27.5167,88.5333,80.06,86,98,0.74
361,Gimli,CA,2022-07-18 04:22:52,50.6336,-96.9907,75.22,73,0,0.0
362,San Patricio,US,2022-07-18 04:20:44,28.017,-97.5169,84.88,75,19,12.55
363,Codrington,AU,2022-07-18 04:22:52,-38.2667,141.9667,50.59,67,100,11.63
364,Farkhor,TJ,2022-07-18 04:22:52,37.4922,69.4036,97.97,11,0,1.05
365,Deputatskiy,RU,2022-07-18 04:20:32,69.3,139.9,64.17,38,63,4.5
366,Beringovskiy,RU,2022-07-18 04:22:53,63.05,179.3167,50.85,41,6,15.21
367,Ranong,TH,2022-07-18 04:22:53,9.9658,98.6348,85.93,71,78,6.73
368,Lalosu,RO,2022-07-18 04:22:54,44.55,24.0167,64.4,45,37,3.98
369,Upata,VE,2022-07-18 04:22:54,8.0086,-62.3989,71.38,98,85,5.82
370,Ordynskoye,RU,2022-07-18 04:21:19,54.3656,81.8994,66.97,54,1,9.98
371,Vannes,FR,2022-07-18 04:23:54,47.8333,-2.5,68.61,37,47,7.85
372,Atikokan,CA,2022-07-18 04:23:55,48.7555,-91.6216,67.03,87,7,5.55
373,Cap Malheureux,MU,2022-07-18 04:23:55,-19.9842,57.6142,71.47,68,47,11.01
374,Narsaq,GL,2022-07-18 04:23:55,60.9167,-46.05,43.02,80,48,0.58
375,Cabra,ES,2022-07-18 04:23:56,37.4725,-4.4421,74.66,44,0,3.83
376,Shieli,KZ,2022-07-18 04:23:56,44.1667,66.75,90.3,28,0,16.53
377,Flinders,AU,2022-07-18 04:23:56,-34.5833,150.8552,62.38,44,1,8.99
378,Necochea,AR,2022-07-18 04:21:14,-38.5473,-58.7368,52.95,39,100,18.95
379,Brekstad,NO,2022-07-18 04:23:57,63.687,9.6654,54.01,93,75,8.05
380,Kungurtug,RU,2022-07-18 04:23:57,50.5994,97.5228,78.85,27,64,5.35
381,Nancha,CN,2022-07-18 04:23:57,47.1333,129.2667,67.03,95,100,2.8
382,Barra Do Garcas,BR,2022-07-18 04:23:58,-15.89,-52.2567,68.97,40,0,3.13
383,Senov,CZ,2022-07-18 04:23:58,49.7932,18.3761,51.01,71,69,3.15
384,Meulaboh,ID,2022-07-18 04:23:58,4.1363,96.1285,84.52,64,7,2.48
385,Hazorasp,UZ,2022-07-18 04:23:59,41.3194,61.0742,94.77,16,0,14.34
386,Diamantino,BR,2022-07-18 04:23:59,-14.4086,-56.4461,66.72,71,0,3.6
387,Wattegama,LK,2022-07-18 04:23:59,6.7989,81.4808,90.77,49,39,2.37
388,Soltsy,RU,2022-07-18 04:24:00,58.1239,30.3238,51.33,93,84,5.14
389,Ust-Kut,RU,2022-07-18 04:24:00,56.7938,105.7672,74.1,48,67,4.07
390,Birao,CF,2022-07-18 04:24:00,10.2849,22.7882,69.73,97,100,5.19
391,Labuhan,ID,2022-07-18 04:24:00,-6.8844,112.2051,84.02,68,76,6.85
392,Constitucion,CL,2022-07-18 04:24:01,-35.3333,-72.4167,48.65,88,100,5.1
393,Beinamar,TD,2022-07-18 04:24:01,8.6698,15.3813,68.61,96,100,2.75
394,Catacaos,PE,2022-07-18 04:24:01,-5.2667,-80.6833,65.21,74,38,11.72
395,Nyurba,RU,2022-07-18 04:24:02,63.2842,118.3319,70.07,55,94,4.94
396,Samandag,TR,2022-07-18 04:24:02,36.0842,35.9771,81.12,74,8,3.44
397,Veinticinco De Mayo,AR,2022-07-18 04:24:02,-35.4323,-60.1727,47.98,66,100,5.99
398,Sibolga,ID,2022-07-18 04:24:03,1.7427,98.7792,87.03,56,32,4.41
399,Bambanglipuro,ID,2022-07-18 04:24:03,-7.95,110.2833,83.16,69,70,11.1
400,Ketchikan,US,2022-07-18 04:21:22,55.3422,-131.6461,54.07,94,100,11.5
401,Pizarro,CO,2022-07-18 04:24:03,4.9533,-77.366,77.07,90,100,3.69
402,Sabang,ID,2022-07-18 04:24:04,5.8933,95.3214,82.67,71,42,6.33
403,Verkhnyaya Inta,RU,2022-07-18 04:24:04,65.9811,60.3094,70.09,64,36,4.63
404,Inverell,AU,2022-07-18 04:24:05,-29.7833,151.1167,62.11,44,1,11.01
405,Lata,PT,2022-07-18 04:24:05,40.1629,-8.3327,64.08,94,47,2.37
406,Walldurn,DE,2022-07-18 04:24:05,49.5833,9.3667,60.82,57,4,2.98
407,Husavik,IS,2022-07-18 04:24:06,66.0449,-17.3389,44.76,90,59,1.61
408,Santa Cruz,BO,2022-07-18 04:24:06,-17.8,-63.1667,56.66,88,75,2.3
409,Namatanai,PG,2022-07-18 04:19:28,-3.6667,152.4333,84.34,70,55,10.65
410,Peshkopi,AL,2022-07-18 04:24:06,41.685,20.4289,59.25,74,0,7.65
411,Broken Hill,AU,2022-07-18 04:24:07,-31.95,141.4333,54.73,41,6,9.75
412,Lixourion,GR,2022-07-18 04:24:07,38.2019,20.4314,78.44,63,0,2.73
413,Antalaha,MG,2022-07-18 04:24:07,-14.9003,50.2788,67.1,89,33,8.61
414,Praia Da Vitoria,PT,2022-07-18 04:25:08,38.7333,-27.0667,73.65,88,75,9.48
415,Synya,RU,2022-07-18 04:25:08,65.3718,58.0387,66.99,74,92,2.89
416,Canberra,AU,2022-07-18 04:24:50,-35.2835,149.1281,54.45,51,40,7.0
417,Galveston,US,2022-07-18 04:25:08,29.3669,-94.9669,84.96,82,3,1.99
418,Ahipara,NZ,2022-07-18 04:25:09,-35.1667,173.1667,57.36,79,100,9.8
419,Lima,PE,2022-07-18 04:21:45,-12.0432,-77.0282,59.9,86,100,8.05
420,Kyaikkami,MM,2022-07-18 04:25:09,16.08,97.5675,83.35,76,19,6.13
421,Nishihara,JP,2022-07-18 04:25:09,26.1842,127.7558,89.65,81,75,18.41
422,Freeport,US,2022-07-18 04:23:14,40.6576,-73.5832,80.31,81,75,9.22
423,Cockburn Town,TC,2022-07-18 04:25:10,21.4612,-71.1419,81.21,83,0,20.29
424,Blagoyevo,RU,2022-07-18 04:21:13,63.3667,47.9167,66.47,55,69,4.29
425,Kazachinskoye,RU,2022-07-18 04:25:10,57.6953,93.2761,60.89,84,93,10.51
426,Evensk,RU,2022-07-18 04:25:11,61.95,159.2333,61.25,74,100,10.11
427,Savannah Bight,HN,2022-07-18 04:25:11,16.45,-85.85,82.8,82,51,20.69
428,Vicuna,CL,2022-07-18 04:25:11,-30.0319,-70.7081,42.53,26,55,9.35
429,Livingston,GB,2022-07-18 04:25:12,55.9029,-3.5226,61.59,85,0,1.14
430,Tecoanapa,MX,2022-07-18 04:25:12,16.5167,-98.75,80.4,78,100,3.56
431,Salalah,OM,2022-07-18 04:25:12,17.0151,54.0924,77.09,94,100,5.75
432,Sarkand,KZ,2022-07-18 04:25:12,45.41,79.9186,79.34,37,63,9.91
433,Tucuman,AR,2022-07-18 04:20:46,-26.8241,-65.2226,37.4,93,0,8.05
434,Rio Gallegos,AR,2022-07-18 04:21:39,-51.6226,-69.2181,26.65,93,0,10.36
435,Danielskuil,ZA,2022-07-18 04:25:13,-28.1887,23.5395,44.82,63,0,8.72
436,Guiratinga,BR,2022-07-18 04:25:13,-16.3494,-53.7583,67.5,57,2,0.81
437,Mokhsogollokh,RU,2022-07-18 04:25:14,61.4681,128.9203,90.93,31,6,6.91
438,Palmares Do Sul,BR,2022-07-18 04:25:14,-30.2578,-50.5097,48.31,82,0,3.36
439,Gaggenau,DE,2022-07-18 04:25:14,48.8,8.3333,63.21,71,0,2.3
440,Strezhevoy,RU,2022-07-18 04:25:15,60.7333,77.5889,66.27,54,76,8.1
441,Kawambwa,ZM,2022-07-18 04:25:15,-9.7915,29.0791,51.21,69,29,7.74
442,Burnie,AU,2022-07-18 04:25:15,-41.0667,145.9167,48.94,49,79,10.31
443,Ludwigslust,DE,2022-07-18 04:25:16,53.3167,11.5,56.82,81,99,3.2
444,North Bend,US,2022-07-18 04:25:16,43.4065,-124.2243,60.17,91,0,20.71
445,Sola,VU,2022-07-18 04:25:16,-13.8833,167.55,80.2,80,29,19.51
446,Sorland,NO,2022-07-18 04:25:17,67.667,12.6934,51.66,85,98,16.11
447,Laguna,US,2022-07-18 04:25:17,38.421,-121.4238,90.32,30,0,8.05
448,Rocha,UY,2022-07-18 04:25:17,-34.4833,-54.3333,43.59,76,100,8.46
449,Grand-Santi,GF,2022-07-18 04:25:18,4.25,-54.3833,72.54,99,91,2.06
450,Saint-Augustin,CA,2022-07-18 04:25:18,51.226,-58.6502,58.68,93,95,8.43
451,Navrongo,GH,2022-07-18 04:25:18,10.8956,-1.0921,73.78,92,99,5.73
452,Vaasa,FI,2022-07-18 04:25:18,63.096,21.6158,57.94,82,40,4.61
453,Muisne,EC,2022-07-18 04:25:19,0.6,-80.0333,73.74,90,100,8.16
454,Yidu,CN,2022-07-18 04:25:19,24.1614,115.1328,90.16,62,100,8.21
455,Garachine,PA,2022-07-18 04:25:19,8.0647,-78.3628,78.57,86,98,6.29
456,Vardo,NO,2022-07-18 04:25:20,70.3705,31.1107,53.58,94,100,3.44
457,Sterling,US,2022-07-18 04:25:20,39.0062,-77.4286,75.99,94,100,3.44
458,Caravelas,BR,2022-07-18 04:25:21,-17.7125,-39.2481,69.93,90,4,4.34
459,Agirish,RU,2022-07-18 04:25:21,61.9247,63.0231,72.14,36,65,1.39
460,Alexandria,EG,2022-07-18 04:26:21,31.2156,29.9553,77.29,80,0,6.51
461,Hobyo,SO,2022-07-18 04:26:21,5.3505,48.5268,76.66,76,86,24.74
462,Luanda,AO,2022-07-18 04:22:53,-8.8368,13.2343,70.16,82,100,4.09
463,Xining,CN,2022-07-18 04:26:22,36.6167,101.7667,54.01,96,100,0.43
464,Saint-Nazaire,FR,2022-07-18 04:26:22,47.2833,-2.2,73.67,53,0,5.75
465,Marrakesh,MA,2022-07-18 04:26:22,31.6315,-8.0083,71.67,73,9,4.61
466,Berlevag,NO,2022-07-18 04:26:23,70.8578,29.0864,53.4,93,100,13.8
467,Bulawayo,ZW,2022-07-18 04:26:23,-20.15,28.5833,46.89,92,3,10.83
468,Muyezerskiy,RU,2022-07-18 04:26:24,63.9333,31.65,54.9,81,7,4.5
469,Verkhnevilyuysk,RU,2022-07-18 04:26:24,63.4453,120.3167,72.39,61,84,5.35
470,Hami,CN,2022-07-18 04:26:24,42.8,93.45,91.87,14,47,4.07
471,Fairbanks,US,2022-07-18 04:21:47,64.8378,-147.7164,64.4,66,100,6.91
472,Juneau,US,2022-07-18 04:26:25,58.3019,-134.4197,56.21,96,100,21.85
473,Herat,AF,2022-07-18 04:26:12,34.5,62.0,91.58,10,0,23.85
474,Opuwo,NA,2022-07-18 04:26:25,-18.0607,13.84,52.57,44,0,6.46
475,Lac Du Bonnet,CA,2022-07-18 04:26:25,50.2536,-96.0612,71.44,96,0,5.57
476,Moose Factory,CA,2022-07-18 04:26:26,51.2585,-80.6094,68.0,88,51,2.3
477,Neepawa,CA,2022-07-18 04:26:26,50.2289,-99.4664,72.09,89,5,3.71
478,Dalbandin,PK,2022-07-18 04:26:26,28.8947,64.4101,90.86,41,54,4.94
479,Mahibadhoo,MV,2022-07-18 04:26:26,3.7833,72.9667,80.06,77,100,12.03
480,Kortkeros,RU,2022-07-18 04:26:27,61.8106,51.5806,71.6,54,58,2.28
481,Huarmey,PE,2022-07-18 04:26:27,-10.0681,-78.1522,62.24,85,41,8.88
482,Mbaiki,CF,2022-07-18 04:26:27,3.8678,17.9892,69.24,99,100,3.2
483,Buchanan,LR,2022-07-18 04:26:28,5.8808,-10.0467,75.51,87,100,13.27
484,Xinzhi,CN,2022-07-18 04:26:28,36.4989,111.7047,91.6,22,45,8.16
485,Aguie,NE,2022-07-18 04:26:28,13.506,7.7786,75.65,74,90,5.86
486,Chiredzi,ZW,2022-07-18 04:26:29,-21.05,31.6667,56.5,87,66,3.53
487,San Nicolas,PH,2022-07-18 04:26:29,18.1725,120.5953,87.71,79,75,6.91
488,Nyazepetrovsk,RU,2022-07-18 04:26:29,56.0531,59.6028,68.85,62,5,3.13
489,Brigantine,US,2022-07-18 04:26:30,39.4101,-74.3646,78.01,87,0,4.61
490,Baykit,RU,2022-07-18 04:26:30,61.67,96.37,70.48,47,20,9.71
491,Tagusao,PH,2022-07-18 04:26:30,9.1924,117.8141,81.14,78,99,7.05
492,Kargopol,RU,2022-07-18 04:26:30,61.5071,38.9456,57.38,71,100,4.0
493,Tiznit,MA,2022-07-18 04:26:31,29.5833,-9.5,74.43,57,4,0.87
494,Innisfail,AU,2022-07-18 04:26:31,-17.5333,146.0333,71.49,75,88,11.43
495,Puerto Escondido,MX,2022-07-18 04:26:31,15.85,-97.0667,80.73,81,99,5.86
496,Zanjan,IR,2022-07-18 04:26:32,36.6736,48.4787,74.89,33,0,6.91
497,Kez,RU,2022-07-18 04:26:32,57.8979,53.7152,70.11,71,25,2.64
498,Kudahuvadhoo,MV,2022-07-18 04:26:32,2.6708,72.8944,78.55,75,100,14.79
499,Melilla,ES,2022-07-18 04:26:33,35.2937,-2.9383,75.58,83,20,1.14
500,Stornoway,GB,2022-07-18 04:26:33,58.2093,-6.3865,56.93,97,75,1.14
501,Mahon,ES,2022-07-18 04:26:33,39.8885,4.2658,73.96,83,0,0.0
502,Asyut,EG,2022-07-18 04:26:34,27.181,31.1837,79.21,42,5,5.97
503,Camacari,BR,2022-07-18 04:24:24,-12.6975,-38.3242,74.97,93,54,4.45
504,Vallenar,CL,2022-07-18 04:26:34,-28.5708,-70.7581,58.71,29,0,1.92
505,Kisangani,CD,2022-07-18 04:26:34,0.5167,25.2,70.16,96,100,2.86
506,Prestea,GH,2022-07-18 04:26:35,5.4327,-2.1428,69.67,92,23,2.33
507,Mabaruma,GY,2022-07-18 04:22:44,8.2,-59.7833,74.84,94,42,2.82
508,Kallithea,GR,2022-07-18 04:27:35,37.95,23.7,81.46,45,0,8.99
509,Moranbah,AU,2022-07-18 04:27:35,-22.0016,148.0466,71.71,42,0,8.5
510,Tarko-Sale,RU,2022-07-18 04:27:36,64.9225,77.785,65.57,52,73,13.8
511,Palana,RU,2022-07-18 04:27:36,59.1167,159.9667,49.1,92,99,13.82
512,Kouroussa,GN,2022-07-18 04:27:36,10.65,-9.8833,71.02,97,99,6.2
513,Ankazoabo,MG,2022-07-18 04:27:37,-22.2833,44.5167,55.81,76,0,6.06
514,Grindavik,IS,2022-07-18 04:27:37,63.8424,-22.4338,49.95,87,100,3.44
515,Onalaska,US,2022-07-18 04:27:37,43.8844,-91.2351,73.26,84,0,4.61
516,Ryki,PL,2022-07-18 04:27:38,51.6257,21.9327,56.62,43,46,6.13
517,North Battleford,CA,2022-07-18 04:27:38,52.7834,-108.2847,64.4,80,41,5.21
518,Andenes,NO,2022-07-18 04:27:38,69.3143,16.1194,49.98,93,40,4.61
519,Pietarsaari,FI,2022-07-18 04:27:38,63.65,22.6833,57.88,81,100,6.38
520,Aneho,TG,2022-07-18 04:27:39,6.2333,1.6,75.4,89,95,9.69
521,Viru,PE,2022-07-18 04:27:39,-8.4167,-78.75,64.47,77,43,2.75
522,Rio Grande,BR,2022-07-18 04:23:48,-32.035,-52.0986,37.94,83,0,6.22
523,Karwar,IN,2022-07-18 04:27:40,14.8,74.1333,78.8,84,100,11.74
524,Nhulunbuy,AU,2022-07-18 04:27:40,-12.2333,136.7667,81.21,65,40,18.41
525,Maldonado,UY,2022-07-18 04:27:40,-34.6667,-54.9167,48.22,74,98,10.2
526,Severnoye,RU,2022-07-18 04:27:41,56.3491,78.3619,62.06,83,82,11.14
527,San Guillermo,PH,2022-07-18 04:27:41,16.7254,121.8098,86.72,72,84,0.36
528,Paranaiba,BR,2022-07-18 04:27:41,-19.6772,-51.1908,69.33,61,57,6.33
529,Concordia,AR,2022-07-18 04:27:41,-31.393,-58.0209,46.78,87,0,7.0
530,Tartagal,AR,2022-07-18 04:27:42,-22.5164,-63.8013,44.83,65,23,4.09
531,Praxedis Guerrero,MX,2022-07-18 04:27:42,31.3667,-106.0167,91.27,23,5,18.03
532,Cururupu,BR,2022-07-18 04:27:42,-1.8283,-44.8683,73.74,96,25,3.89
533,Konevo,RU,2022-07-18 04:27:43,62.1215,39.3192,59.4,67,99,3.53
534,Phitsanulok,TH,2022-07-18 04:27:43,16.9167,100.5,89.55,66,75,3.2
535,Goderich,CA,2022-07-18 04:26:55,43.7501,-81.7165,71.92,78,100,4.61
536,Morondava,MG,2022-07-18 04:27:43,-20.2833,44.2833,65.68,62,0,11.86
537,Houston,US,2022-07-18 04:24:34,29.7633,-95.3633,86.4,77,20,11.5
538,Bikaner,IN,2022-07-18 04:27:44,28.0167,73.3,93.2,51,10,8.59
539,Ohara,JP,2022-07-18 04:27:44,35.25,140.3833,81.59,76,100,12.37
540,Sinegorye,RU,2022-07-18 04:27:44,62.0788,150.477,63.68,76,98,2.42
541,Gat,IL,2022-07-18 04:23:01,31.61,34.7642,76.41,100,0,1.72
542,Alekseyevskaya,RU,2022-07-18 04:27:45,50.2896,42.1845,65.8,85,86,1.95
543,Kenai,US,2022-07-18 04:27:45,60.5544,-151.2583,57.29,86,75,25.32
544,Zhangye,CN,2022-07-18 04:27:45,38.9342,100.4517,69.46,50,100,7.54
545,College,US,2022-07-18 04:27:46,64.8569,-147.8028,64.38,66,75,6.91
546,Marsala,IT,2022-07-18 04:27:46,37.7966,12.4352,81.93,78,0,2.3
547,Sorong,ID,2022-07-18 04:27:46,-0.8833,131.25,82.6,73,51,7.49
548,Bonthe,SL,2022-07-18 04:27:47,7.5264,-12.505,76.69,87,100,13.2
549,Elumalai,IN,2022-07-18 04:27:47,9.8667,77.7,86.9,53,100,4.68
550,Whitehorse,CA,2022-07-18 04:27:47,60.7161,-135.0538,55.09,73,92,11.43
551,Taree,AU,2022-07-18 04:27:48,-31.9,152.4667,68.05,51,12,7.7
